test for writing sensor data,,,,,,,,,,,,,,,,,,,,,,
Time, omega_x, omega_y, omega_z,cam1_x, cam1_y, cam1_z, cam2_x, cam2_y, cam2_z,g_x, g_y, g_z,true_omega_x, true_omega_y, true_omega_z,true_attitude_x, true_attitude_y, true_attitude_z,bias_err_proposed, attitude_err_proposed,bias_err_mahony, attitude_err_mahony
0.000000224,0.0180994,0.0580213,0.00218153,-0.34703,0.116171,0.930631,-0.163013,0.148027,0.975456,-0.0206538,0.999563,-0.021165,0.002071,0.000291,-0.000901,1.61,1.18,91.18,0.059993,1.29486,0.0599928,1.29486
0.0636177,0.0177591,0.060177,0.00465231,-0.346755,0.116125,0.930739,-0.163013,0.148027,0.975456,-0.0214342,0.999549,-0.0210259,-0.000091,0.000788,-0.002472,1.609,1.182,91.18,0.0210414,0.354225,0.0529063,0.580367
0.127714,0.0169208,0.0520144,0.00689636,-0.346755,0.116125,0.930739,-0.163013,0.148027,0.975456,-0.0184977,0.99959,-0.0218702,0.000467,0.00113,0.000613,1.611,1.184,91.179,0.025244,0.0931688,0.105441,0.250804
0.188244,0.0179067,0.0550499,0.000992814,-0.346755,0.116125,0.930739,-0.163013,0.148027,0.975456,-0.0207229,0.999597,-0.0193958,-0.000582,0.00023,-0.000651,1.614,1.182,91.181,0.025413,0.0304843,0.119584,0.111151
0.250057,0.0150161,0.0482434,5.77872E-05,-0.34703,0.116171,0.930631,-0.163013,0.148027,0.975456,-0.022453,0.999568,-0.018983,-0.001567,-0.000514,0.000079,1.612,1.184,91.18,0.0302069,0.0312973,0.133288,0.0505669
0.326319,0.0105784,0.0482322,0.00453205,-0.346755,0.116125,0.930739,-0.163013,0.148027,0.975456,-0.0206505,0.999606,-0.0190148,0.000442,0.000921,-0.000161,1.614,1.186,91.179,0.0365336,0.0303002,0.139436,0.0229938
0.401795,0.013097,0.0432333,0.00256014,-0.34703,0.116171,0.930631,-0.16334,0.148045,0.975399,-0.021057,0.999492,-0.0239191,0.000589,-0.000025,-0.000302,1.616,1.187,91.181,0.0359446,0.0280698,0.141701,0.0212351
0.464513,0.0150033,0.0455968,0.00335304,-0.346755,0.116125,0.930739,-0.163013,0.148027,0.975456,-0.0205383,0.999631,-0.0177794,-0.000385,0.000139,0.000947,1.618,1.185,91.18,0.0322476,0.0278918,0.137664,0.0253287
0.527871,0.0103103,0.0440287,-0.000234431,-0.346755,0.116125,0.930739,-0.163013,0.148027,0.975456,-0.0189167,0.99962,-0.0200415,-0.000657,0.000308,-0.000301,1.62,1.186,91.18,0.0368856,0.0250542,0.140222,0.026497
0.588226,0.0115606,0.0449535,0.0031004,-0.346755,0.116125,0.930739,-0.163013,0.148027,0.975456,-0.0200164,0.999593,-0.0203227,0.000499,-0.000735,0.000435,1.62,1.185,91.179,0.0354906,0.0251338,0.136484,0.0295267
0.648291,0.0107145,0.037144,-0.00098858,-0.346755,0.116125,0.930739,-0.163013,0.148027,0.975456,-0.0217435,0.999485,-0.023581,-0.001692,0.001011,0.000086,1.621,1.186,91.177,0.0395486,0.0242986,0.143362,0.0306746
0.714254,0.010158,0.0371931,0.00391124,-0.346755,0.116125,0.930739,-0.163013,0.148027,0.975456,-0.0205289,0.999583,-0.0203246,-0.000766,0.000005,-0.001849,1.621,1.187,91.177,0.0395694,0.0238181,0.140089,0.0314443
0.787399,0.0114144,0.0364727,0.00324318,-0.347515,0.115429,0.930543,-0.163013,0.148027,0.975456,-0.0194003,0.999626,-0.0192982,0.000496,0.000802,-0.000062,1.621,1.186,91.177,0.0401876,0.025893,0.139833,0.0325578
0.85285,0.00903929,0.0332232,0.00388087,-0.346755,0.116125,0.930739,-0.163013,0.148027,0.975456,-0.0212191,0.999541,-0.0216271,-0.000389,0.000112,0.000482,1.618,1.188,91.178,0.0426621,0.0262345,0.140891,0.0337486
0.915055,0.0079103,0.0312548,0.001935,-0.346755,0.116125,0.930739,-0.163013,0.148027,0.975456,-0.0213802,0.999549,-0.0210733,-0.000082,0.001434,-0.001359,1.618,1.189,91.178,0.0456378,0.0260765,0.142716,0.0339455
0.975259,0.0082334,0.0300046,0.00198551,-0.346755,0.116125,0.930739,-0.163013,0.148027,0.975456,-0.0188234,0.999585,-0.0217902,-0.000102,0.00104,-0.000547,1.616,1.188,91.178,0.0457051,0.0266485,0.141727,0.0354864
1.05144,0.00956679,0.0285486,0.00241769,-0.347606,0.115718,0.930473,-0.16334,0.148045,0.975399,-0.0191724,0.999616,-0.0199882,0.000068,-0.00025,-0.000372,1.616,1.187,91.18,0.0446344,0.0292938,0.139159,0.0365081
1.1121,0.0108468,0.0286857,0.00513483,-0.346755,0.116125,0.930739,-0.163013,0.148027,0.975456,-0.0203736,0.99963,-0.0180306,0.000113,-0.001009,-0.000589,1.616,1.186,91.177,0.0429373,0.0284574,0.135745,0.0363715
1.18741,0.00516899,0.0307358,-0.000314545,-0.346755,0.116125,0.930739,-0.163013,0.148027,0.975456,-0.0203589,0.999532,-0.0228143,-0.001289,-0.001529,-0.000947,1.616,1.185,91.177,0.0440787,0.0277377,0.13406,0.0371335
1.25386,0.0102062,0.0238787,-0.00068567,-0.346755,0.116125,0.930739,-0.163013,0.148027,0.975456,-0.0194381,0.999628,-0.0191311,-0.000149,0.001055,0.000113,1.62,1.185,91.178,0.0477816,0.0255451,0.139254,0.0351951
1.32852,0.0055772,0.0276559,0.0021556,-0.346755,0.116125,0.930739,-0.163013,0.148027,0.975456,-0.0213252,0.99953,-0.0220394,-0.001106,0.000747,0.000397,1.62,1.184,91.176,0.0467278,0.0260385,0.134609,0.0362702
1.38994,0.00573782,0.0213057,0.00232518,-0.346755,0.116125,0.930739,-0.163013,0.148027,0.975456,-0.0199133,0.999547,-0.0225684,-0.000047,-0.000889,-0.000074,1.621,1.184,91.177,0.0503945,0.0250424,0.137356,0.0358454
1.45437,0.00857795,0.0259532,0.000569448,-0.34703,0.116171,0.930631,-0.163013,0.148027,0.975456,-0.0196704,0.999621,-0.0192627,-0.00057,-0.000032,0.000397,1.622,1.184,91.177,0.0451611,0.0246068,0.13125,0.0350539
1.51574,0.00964175,0.0242756,0.00054667,-0.346755,0.116125,0.930739,-0.163013,0.148027,0.975456,-0.0213804,0.999558,-0.0206643,0.000374,0.000843,0.000532,1.621,1.187,91.177,0.0467059,0.024387,0.13188,0.033468
1.58352,0.00669804,0.0277811,-0.000370511,-0.346755,0.116125,0.930739,-0.163013,0.148027,0.975456,-0.0186221,0.999559,-0.0231242,0.000986,-0.00062,0.000303,1.618,1.188,91.179,0.0453654,0.0248452,0.127277,0.0337232
1.65093,0.00438369,0.0215538,-0.00559967,-0.346755,0.116125,0.930739,-0.163013,0.148027,0.975456,-0.0210292,0.9996,-0.0188854,-0.00118,-0.00032,-0.000731,1.618,1.19,91.18,0.0502939,0.0272371,0.132265,0.0339238
1.71934,0.0075338,0.0212033,0.00140312,-0.34703,0.116171,0.930631,-0.163013,0.148027,0.975456,-0.0205929,0.999627,-0.0179292,0.000543,-0.000041,0.000293,1.617,1.191,91.18,0.0488474,0.028401,0.129276,0.034115
1.78148,0.00403489,0.028413,0.00454454,-0.34703,0.116171,0.930631,-0.163013,0.148027,0.975456,-0.0218258,0.999582,-0.0189567,-0.000492,-0.000008,0.000144,1.617,1.19,91.177,0.0451545,0.0271436,0.121863,0.0334738
1.84921,0.00745475,0.0230557,0.00372325,-0.346755,0.116125,0.930739,-0.163013,0.148027,0.975456,-0.0192176,0.999621,-0.0197287,-0.001241,-0.000108,0.000682,1.617,1.188,91.178,0.0456118,0.0266351,0.123191,0.0338361
1.91662,0.00549384,0.0184243,-0.000646442,-0.346755,0.116125,0.930739,-0.163013,0.148027,0.975456,-0.0195219,0.999605,-0.0202374,0.000272,0.001734,-0.00128,1.62,1.186,91.178,0.052557,0.0249884,0.129103,0.0332384
1.9844,0.00732052,0.0141061,-0.000364781,-0.346755,0.116125,0.930739,-0.163013,0.148027,0.975456,-0.0192223,0.999562,-0.0224942,-0.000216,-0.000666,-0.000143,1.622,1.187,91.178,0.0523731,0.0227947,0.128251,0.0315814
2.04784,0.00306273,0.0163557,-0.000478091,-0.346755,0.116125,0.930739,-0.163018,0.148342,0.975407,-0.0208213,0.999524,-0.0227605,-0.000123,-0.001455,-0.000919,1.624,1.188,91.176,0.0523079,0.0235987,0.125574,0.0312765
2.10948,0.00498666,0.0186432,-0.0026333,-0.346755,0.116125,0.930739,-0.163013,0.148027,0.975456,-0.0229945,0.999494,-0.0219725,-0.000193,-0.000667,0.001048,1.623,1.189,91.177,0.0499833,0.0240445,0.122681,0.0317617
2.17065,0.00363607,0.0134209,-0.00176056,-0.346755,0.116125,0.930739,-0.163013,0.148027,0.975456,-0.021743,0.999567,-0.0198035,-0.001545,0.000552,0.001298,1.62,1.188,91.175,0.05462,0.0256454,0.126804,0.0339507
2.24239,0.00272322,0.0148026,0.00368175,-0.346755,0.116125,0.930739,-0.163013,0.148027,0.975456,-0.0209542,0.999567,-0.0206476,0.001649,-0.000046,-0.000564,1.619,1.186,91.175,0.0548733,0.0260645,0.123724,0.0350646
2.31207,0.00773037,0.0120362,0.00430189,-0.34703,0.116171,0.930631,-0.163013,0.148027,0.975456,-0.020911,0.999547,-0.0216251,0.00005,-0.000364,0.00055,1.624,1.187,91.175,0.0524364,0.0235619,0.121506,0.0328238
2.38066,0.00179347,0.0183335,-0.000602559,-0.34703,0.116171,0.930631,-0.163013,0.148027,0.975456,-0.0209696,0.999587,-0.0196399,0.000413,-0.000341,-0.000229,1.626,1.187,91.178,0.0512453,0.0223854,0.117539,0.0311558
2.44373,0.00338445,0.0133794,0.0032586,-0.346755,0.116125,0.930739,-0.163018,0.148342,0.975407,-0.0207289,0.999581,-0.0202183,-0.000099,-0.000695,0.000658,1.626,1.187,91.178,0.0528981,0.0232063,0.118687,0.0308776
2.50501,0.00299327,0.0100304,-0.00454586,-0.346755,0.116125,0.930739,-0.163018,0.148342,0.975407,-0.0214165,0.999539,-0.0215185,0.000573,0.000657,0.000022,1.621,1.188,91.176,0.0574941,0.0256288,0.123098,0.032475
2.56633,0.00530368,0.00962917,0.00279849,-0.346755,0.116125,0.930739,-0.163013,0.148027,0.975456,-0.0217383,0.999656,-0.0146963,-0.000362,-0.000296,0.000129,1.623,1.188,91.176,0.0543803,0.0251347,0.118691,0.0316551
2.63813,0.00445202,0.0116741,0.00447717,-0.346755,0.116125,0.930739,-0.163013,0.148027,0.975456,-0.0195961,0.999604,-0.0202084,0.000974,-0.000852,-0.000604,1.625,1.188,91.176,0.0531436,0.0224763,0.115086,0.0302321
2.70161,0.00401814,0.0123583,0.00391438,-0.346755,0.116125,0.930739,-0.163013,0.148027,0.975456,-0.0202472,0.999679,-0.0152365,0.00006,0.000372,0.000153,1.623,1.188,91.174,0.0529782,0.0239685,0.114141,0.0302816
2.76194,0.000148254,0.0140383,0.00452522,-0.346755,0.116125,0.930739,-0.163013,0.148027,0.975456,-0.0202236,0.999536,-0.0227771,-0.001261,0.000129,-0.000206,1.624,1.19,91.176,0.0526746,0.0218872,0.111847,0.0282765
2.82373,0.00346777,0.0115582,-0.00128348,-0.347606,0.115718,0.930473,-0.163013,0.148027,0.975456,-0.0177818,0.999663,-0.0189059,0.000468,0.000567,0.000074,1.624,1.19,91.176,0.0538626,0.0224185,0.113281,0.0273341
2.89797,0.00128263,0.00789835,4.68806E-05,-0.34688,0.11604,0.930704,-0.163013,0.148027,0.975456,-0.019378,0.999598,-0.0207038,-0.001008,-0.000347,-0.00054,1.623,1.189,91.176,0.0559698,0.0225325,0.113994,0.0282172
2.95919,0.00327776,0.00707081,0.00298675,-0.346755,0.116125,0.930739,-0.163013,0.148027,0.975456,-0.0217448,0.999547,-0.020826,0.000361,-0.000075,0.000536,1.625,1.189,91.174,0.056122,0.0236844,0.11308,0.0296548
3.01691,0.00468147,0.008067,0.00568112,-0.34703,0.116171,0.930631,-0.163013,0.148027,0.975456,-0.0203197,0.999646,-0.0171543,0.000305,0.000844,-0.001155,1.629,1.189,91.175,0.0550783,0.0229015,0.110645,0.0290191
3.08679,0.00321519,0.00761642,-0.00273185,-0.346755,0.116125,0.930739,-0.163013,0.148027,0.975456,-0.0194014,0.999682,-0.0161338,0.000393,0.000914,0.000194,1.631,1.189,91.173,0.0562682,0.0248588,0.111642,0.0305195
3.14681,0.00361489,0.0105475,0.00206448,-0.346755,0.116125,0.930739,-0.163013,0.148027,0.975456,-0.0219751,0.999508,-0.0223839,-0.000558,-0.000552,0.001042,1.63,1.189,91.174,0.0512159,0.0249056,0.105055,0.0307757
3.2103,-0.000110964,0.00590484,0.001854,-0.346755,0.116125,0.930739,-0.163013,0.148027,0.975456,-0.017715,0.999616,-0.0212989,0.001526,0.000271,0.000067,1.631,1.186,91.174,0.058687,0.0253028,0.110837,0.0324035
3.27453,-0.000746035,0.0106568,0.000245012,-0.34703,0.116171,0.930631,-0.163013,0.148027,0.975456,-0.0215135,0.999613,-0.017639,0.000011,0.000742,-0.000387,1.632,1.187,91.173,0.0544858,0.0264498,0.105512,0.0325868
3.33738,0.00324877,0.00767251,-0.000276396,-0.34703,0.116171,0.930631,-0.163013,0.148027,0.975456,-0.0213513,0.999529,-0.0220665,-0.000011,0.00124,-0.000683,1.634,1.187,91.171,0.0545948,0.031005,0.105584,0.0369339
3.41515,0.000304974,0.0064703,-0.000137438,-0.346755,0.116125,0.930739,-0.163013,0.148027,0.975456,-0.0219525,0.999504,-0.0225652,0.001313,0.000316,-0.000597,1.636,1.187,91.174,0.056832,0.0299627,0.105934,0.0361944
3.47641,0.00464144,0.00864162,0.000507569,-0.346755,0.116125,0.930739,-0.163013,0.148027,0.975456,-0.0210034,0.999559,-0.0210034,0.000308,0.00091,0.00037,1.64,1.187,91.174,0.0522209,0.0330308,0.101145,0.0390587
3.53675,0.00125824,0.0102145,-0.00271028,-0.346755,0.116125,0.930739,-0.163013,0.148027,0.975456,-0.0175674,0.999605,-0.0219592,-0.000055,-0.001175,-0.000895,1.644,1.187,91.176,0.0508306,0.0340599,0.0981634,0.0396731
3.59733,5.67874E-05,0.00686416,0.00340952,-0.346755,0.116125,0.930739,-0.163013,0.148027,0.975456,-0.0188248,0.999659,-0.0181086,-0.00071,0.000371,-0.000362,1.647,1.186,91.176,0.054574,0.0363159,0.100733,0.0415544
3.65736,0.00325434,0.00579831,-0.000853878,-0.346755,0.116125,0.930739,-0.163013,0.148027,0.975456,-0.0208114,0.99956,-0.0211175,-0.000727,0.000891,-0.001724,1.649,1.187,91.174,0.0538614,0.0419705,0.100044,0.0463862
3.73586,0.00222885,0.00799652,0.000587199,-0.346755,0.116125,0.930739,-0.163013,0.148027,0.975456,-0.0223538,0.999491,-0.0227621,-0.000835,-0.000039,0.000377,1.647,1.189,91.174,0.0513287,0.0405827,0.0960955,0.0447473
3.79942,0.00329081,0.00614183,0.00222644,-0.34703,0.116171,0.930631,-0.163013,0.148027,0.975456,-0.0190908,0.999664,-0.0175595,-0.000993,-0.001591,0.000518,1.645,1.188,91.171,0.0505725,0.0403252,0.0944683,0.0452503
3.86483,0.00558932,0.00883791,-0.0032345,-0.346755,0.116125,0.930739,-0.163018,0.148342,0.975407,-0.0198968,0.999637,-0.0181622,-0.000087,-0.000398,0.000052,1.648,1.187,91.172,0.0486649,0.0430569,0.0921984,0.0472791
3.9265,-0.00525012,0.00451943,0.000220328,-0.346755,0.116125,0.930739,-0.163013,0.148027,0.975456,-0.0208412,0.999561,-0.0210455,0.000423,-0.000313,-0.001467,1.653,1.186,91.172,0.0581157,0.0494549,0.0988509,0.0535505
3.99068,0.00301771,0.00280382,-0.00311394,-0.346755,0.116125,0.930739,-0.163018,0.148342,0.975407,-0.0190939,0.999619,-0.0199107,0.000774,-0.000796,0.000529,1.651,1.185,91.171,0.05459,0.0491381,0.0961848,0.0532135
4.05881,-0.00183537,0.00588922,-0.000687144,-0.346755,0.116125,0.930739,-0.163013,0.148027,0.975456,-0.0195751,0.999662,-0.0171154,0.00128,0.000866,0.000126,1.653,1.185,91.171,0.0558463,0.0498053,0.095393,0.0541316
4.12396,0.000156573,0.00629316,-0.000531756,-0.347606,0.115718,0.930473,-0.163013,0.148027,0.975456,-0.0221706,0.999619,-0.0164492,0.001018,0.001171,0.000016,1.653,1.185,91.17,0.0540752,0.0510885,0.0930673,0.0548912
4.20029,0.00104562,0.000413749,0.00294287,-0.346755,0.116125,0.930739,-0.163013,0.148027,0.975456,-0.0218539,0.999559,-0.0201178,-0.001497,0.000725,-0.000039,1.654,1.185,91.168,0.056297,0.0562924,0.0946401,0.0603073
4.2677,-0.00121931,0.00467715,-0.00185346,-0.346755,0.116125,0.930739,-0.163013,0.148027,0.975456,-0.0228003,0.999533,-0.0203465,-0.00107,-0.00063,0,1.655,1.186,91.167,0.05284,0.0589627,0.0901028,0.0629515
4.32947,-0.000275221,0.00653649,-0.00459316,-0.346755,0.116125,0.930739,-0.163013,0.148027,0.975456,-0.0227987,0.999565,-0.0187093,0.000337,-0.001202,0.000828,1.653,1.186,91.169,0.0513242,0.0532737,0.0877946,0.0577854
4.39705,0.000119494,0.00179846,-0.00121189,-0.346755,0.116125,0.930739,-0.163013,0.148027,0.975456,-0.0211437,0.999578,-0.019918,0.000468,0.000412,-0.000342,1.651,1.188,91.17,0.0554678,0.0493557,0.0911935,0.0538778
4.4603,0.00216115,0.00517988,0.00305735,-0.346755,0.116125,0.930739,-0.163013,0.148027,0.975456,-0.0204621,0.999573,-0.0208713,0.000659,-0.000396,0.000557,1.655,1.187,91.17,0.0504695,0.0548823,0.0849998,0.0590344
4.5254,0.0010953,0.00344787,-0.00227189,-0.346755,0.116125,0.930739,-0.163018,0.148342,0.975407,-0.0227451,0.999561,-0.0189713,-0.000004,-0.001855,0.000345,1.656,1.188,91.17,0.0509349,0.0558329,0.0851415,0.0596136
4.58691,0.0020747,0.00458898,0.00255135,-0.346755,0.116125,0.930739,-0.163013,0.148027,0.975456,-0.020858,0.99955,-0.0215738,-0.000523,-0.000318,-0.001198,1.656,1.188,91.17,0.0498127,0.0563963,0.0828066,0.0602043
4.64851,-0.000566328,0.00491703,0.00117028,-0.346755,0.116125,0.930739,-0.163013,0.148027,0.975456,-0.02176,0.999529,-0.0216578,-0.000891,-0.000667,-0.000521,1.655,1.19,91.169,0.0501934,0.056495,0.0823226,0.0600548
4.70821,-0.000671577,0.00280182,-0.0036089,-0.346755,0.116125,0.930739,-0.163013,0.148027,0.975456,-0.0215181,0.999521,-0.022232,-0.001165,-0.000062,0.000752,1.655,1.19,91.169,0.0525987,0.0568,0.0847217,0.0603579
4.77061,0.000378503,0.00358506,0.00139573,-0.346755,0.116125,0.930739,-0.163013,0.148027,0.975456,-0.0216523,0.999579,-0.0193032,-0.000471,-0.00142,0.0001,1.654,1.189,91.171,0.0498094,0.0517662,0.0806597,0.0558424
4.83293,0.0030493,0.00510438,-0.000578631,-0.34703,0.116171,0.930631,-0.163013,0.148027,0.975456,-0.0199454,0.999624,-0.0188203,-0.000271,0.000471,0.000679,1.657,1.19,91.17,0.0486928,0.0563041,0.0793918,0.0601207
4.90595,-0.00218875,0.00707454,8.40239E-05,-0.346755,0.116125,0.930739,-0.163013,0.148027,0.975456,-0.0209502,0.99958,-0.0200304,0.000405,0.001256,-0.00001,1.663,1.188,91.169,0.0505422,0.0657741,0.0793725,0.0692267
4.96704,0.00109635,0.00244289,0.00161549,-0.346755,0.116125,0.930739,-0.163013,0.148027,0.975456,-0.0171705,0.999668,-0.0192146,0.000131,0.000153,-0.0008,1.666,1.19,91.169,0.0510976,0.069463,0.079702,0.0724761
5.03041,0.000796694,0.00208937,-0.000111859,-0.34703,0.116171,0.930631,-0.163013,0.148027,0.975456,-0.021233,0.999582,-0.0195997,0.000385,0.001192,0.000771,1.664,1.188,91.17,0.0524055,0.0656356,0.080632,0.0688458
5.09277,-0.000386292,0.00520334,0.00628772,-0.346755,0.116125,0.930739,-0.163013,0.148027,0.975456,-0.0187898,0.999639,-0.0191983,-0.000885,0.000927,0.000107,1.663,1.185,91.171,0.0491439,0.0632732,0.0757194,0.0666851
5.15374,-0.00164986,0.00115815,-0.00419595,-0.34703,0.116171,0.930631,-0.163013,0.148027,0.975456,-0.023047,0.999487,-0.0222312,-0.000152,-0.000002,0.000189,1.665,1.185,91.171,0.0529621,0.0670114,0.079839,0.0701535
5.22054,0.002509,0.00673951,0.00223908,-0.346755,0.116125,0.930739,-0.163013,0.148027,0.975456,-0.019806,0.999589,-0.0207248,0.000943,0.001551,0.002016,1.667,1.185,91.173,0.0471649,0.0667543,0.0731418,0.0700194
5.28269,0.000745912,0.0045514,0.000742598,-0.346755,0.116125,0.930739,-0.163013,0.148027,0.975456,-0.0224104,0.999566,-0.0191358,0.000753,0.000039,0.000776,1.668,1.186,91.172,0.0483372,0.0685013,0.073575,0.0718565
5.34681,0.000971879,0.00219501,0.00160821,-0.347051,0.115982,0.930647,-0.163013,0.148027,0.975456,-0.0228931,0.999529,-0.0204403,-0.000172,0.001298,-0.000171,1.669,1.186,91.171,0.0504075,0.0716132,0.0751639,0.0748554
5.41189,0.00131671,0.00543266,0.00141598,-0.34703,0.116171,0.930631,-0.163013,0.148027,0.975456,-0.021058,0.999541,-0.0217736,0.001831,-0.000286,-0.000259,1.67,1.185,91.173,0.0469118,0.070961,0.0705042,0.0742499
5.47328,-0.00308463,0.00329683,-0.000175485,-0.346755,0.116125,0.930739,-0.163013,0.148027,0.975456,-0.0207431,0.999654,-0.0161449,-0.000152,0.000115,0.000317,1.669,1.184,91.172,0.0502654,0.0689021,0.0733572,0.0727459
5.5314,-0.000531103,0.000223208,-0.00311021,-0.346755,0.116125,0.930739,-0.163013,0.148027,0.975456,-0.0205262,0.999453,-0.0259386,-0.001705,-0.000127,0.001533,1.672,1.186,91.172,0.0505801,0.0759401,0.0739644,0.0786918
5.59893,0.0034551,0.00315603,-0.00349741,-0.346755,0.116125,0.930739,-0.163013,0.148027,0.975456,-0.022833,0.999534,-0.0202733,-0.00031,0.000537,0.00029,1.672,1.186,91.174,0.046971,0.071945,0.0698956,0.0752504
5.67079,0.000375153,0.00200657,0.000607447,-0.347606,0.115718,0.930473,-0.163013,0.148027,0.975456,-0.0207969,0.999584,-0.0199773,0.000818,-0.000336,-0.000159,1.675,1.187,91.174,0.0485346,0.075401,0.0699084,0.0783567
5.73281,-0.0023258,-0.00114334,-0.00133538,-0.346755,0.116125,0.930739,-0.16334,0.148045,0.975399,-0.0175856,0.999621,-0.0211641,0.000342,0.00069,-0.000522,1.675,1.188,91.174,0.053053,0.0755959,0.0738688,0.078402
5.7961,-0.000697941,0.000693019,-0.00192148,-0.346755,0.116125,0.930739,-0.163013,0.148027,0.975456,-0.0206556,0.999648,-0.0166676,0.000965,0.001334,0.000035,1.676,1.188,91.175,0.0513601,0.073621,0.0717642,0.0768635
5.87073,-0.000925827,2.57883E-05,-0.00171671,-0.346755,0.116125,0.930739,-0.163013,0.148027,0.975456,-0.0190034,0.999619,-0.0200251,-0.000212,-0.000435,-0.000782,1.677,1.188,91.173,0.049468,0.0788926,0.0690993,0.0817567
5.93475,0.00307617,0.000792168,0.00410754,-0.346755,0.116125,0.930739,-0.163013,0.148027,0.975456,-0.0204191,0.999516,-0.023482,0.000746,-0.000007,0.000672,1.679,1.188,91.175,0.0471673,0.0807178,0.0660965,0.083106
6.01302,0.00308102,0.0019116,0.00202471,-0.346755,0.116125,0.930739,-0.163013,0.148027,0.975456,-0.0212804,0.999564,-0.0204619,0.000088,-0.000385,-0.000673,1.68,1.188,91.176,0.0452091,0.0796312,0.0635625,0.0823821
6.07964,0.00231827,0.00157933,-0.000614316,-0.346755,0.116125,0.930739,-0.163013,0.148027,0.975456,-0.021158,0.999641,-0.0164563,-0.000322,0.001087,0.000272,1.681,1.188,91.177,0.0468939,0.077602,0.065068,0.0808468
6.14032,0.00248135,0.00164406,-0.00340359,-0.34703,0.116171,0.930631,-0.163013,0.148027,0.975456,-0.0226054,0.99955,-0.0197414,-0.00039,-0.000909,0.00044,1.681,1.191,91.177,0.0450557,0.0782495,0.0628554,0.0812112
6.20341,0.00442852,0.000682984,0.00453458,-0.346755,0.116125,0.930739,-0.163013,0.148027,0.975456,-0.0201903,0.999626,-0.0184568,0.000015,0.000171,0.000709,1.682,1.19,91.177,0.0453683,0.0796189,0.0622023,0.0826493
6.26329,-0.000864698,0.0029579,0.00166725,-0.346755,0.116125,0.930739,-0.16334,0.148045,0.975399,-0.0207342,0.999532,-0.0224706,0.000362,0.002781,-0.000059,1.682,1.191,91.175,0.0480793,0.0838509,0.0640335,0.0863373
6.33524,0.00147213,0.00424651,-6.21634E-05,-0.346755,0.116125,0.930739,-0.163013,0.148027,0.975456,-0.0215364,0.999553,-0.0207198,0.001496,-0.001113,-0.000094,1.68,1.191,91.177,0.0428623,0.0780416,0.0582679,0.0807133
6.40189,0.00307597,0.00241392,0.00288207,-0.346755,0.116125,0.930739,-0.163013,0.148027,0.975456,-0.0216564,0.999565,-0.0200219,-0.000882,0.000411,-0.000155,1.681,1.191,91.175,0.0433837,0.0819199,0.0585953,0.0847107
6.46221,-0.00139574,0.00167785,0.000848256,-0.346755,0.116125,0.930739,-0.163013,0.148027,0.975456,-0.0245687,0.999467,-0.0215104,0.000699,0.0006,-0.001418,1.684,1.192,91.175,0.0469335,0.0862365,0.0611887,0.0889117
6.53417,-0.00197942,-0.0009473,0.00145384,-0.346755,0.116125,0.930739,-0.16334,0.148045,0.975399,-0.0213465,0.999609,-0.0180781,0.000589,-0.000096,-0.000851,1.683,1.192,91.175,0.0485246,0.0834316,0.0622822,0.0865331
6.60337,-0.000877026,0.00164863,0.000884075,-0.34703,0.116171,0.930631,-0.163013,0.148027,0.975456,-0.0226643,0.999578,-0.0181723,0.000185,0.001741,-0.000726,1.684,1.192,91.174,0.0468046,0.0858812,0.060216,0.0890687
6.66068,0.000437075,4.78625E-05,-0.00567429,-0.346755,0.116125,0.930739,-0.163013,0.148027,0.975456,-0.0231109,0.999496,-0.0217815,0.001163,-0.00061,0.000948,1.683,1.192,91.174,0.0467423,0.0860104,0.0602726,0.0888875
6.73261,0.00400085,0.00145287,-0.000714945,-0.34703,0.116171,0.930631,-0.163013,0.148027,0.975456,-0.0203336,0.999515,-0.0236033,-0.00115,-0.000019,0.000551,1.679,1.192,91.173,0.042141,0.0838706,0.0552861,0.0864279
6.80617,0.0032013,0.00177846,-0.00119795,-0.34703,0.116171,0.930631,-0.163013,0.148027,0.975456,-0.0189738,0.99959,-0.021422,-0.001052,0.000517,-0.000182,1.676,1.193,91.17,0.0424064,0.0833909,0.0548864,0.0860472
6.86906,0.00268955,0.00311424,-0.00204535,-0.346755,0.116125,0.930739,-0.163013,0.148027,0.975456,-0.018801,0.999517,-0.0247274,-0.001139,-0.000856,0.00063,1.673,1.193,91.169,0.0401306,0.0821699,0.0521037,0.0843323
6.93714,0.00104714,0.00311758,-0.00490528,-0.346755,0.116125,0.930739,-0.163013,0.148027,0.975456,-0.0215854,0.999478,-0.0240407,0.000811,0.00035,0.001361,1.673,1.194,91.17,0.0432884,0.0807378,0.054683,0.0829067
6.99682,-0.00308761,0.00171385,0.000151205,-0.346755,0.116125,0.930739,-0.163013,0.148027,0.975456,-0.0217442,0.999622,-0.0168441,0.000047,0.000104,-0.000725,1.672,1.194,91.17,0.0449142,0.0760164,0.0552323,0.0791376
7.06446,0.00151247,0.00228481,-0.00215708,-0.346755,0.116125,0.930739,-0.163013,0.148027,0.975456,-0.0206524,0.999598,-0.0194256,0.000371,0.000771,0.00049,1.669,1.196,91.168,0.0428165,0.0753694,0.0533477,0.0783339
7.1288,0.000428751,0.0011702,0.00291738,-0.346755,0.116125,0.930739,-0.163013,0.148027,0.975456,-0.0200125,0.999604,-0.0198083,-0.001004,-0.000854,-0.000062,1.667,1.195,91.17,0.0415716,0.070045,0.0512344,0.0729445
7.19378,0.000283699,-0.00450429,-0.00103637,-0.346755,0.116125,0.930739,-0.163013,0.148027,0.975456,-0.022265,0.999575,-0.0187925,-0.000286,0.00014,-0.001323,1.666,1.193,91.17,0.0477069,0.0681651,0.0573204,0.0712855
7.26615,0.0037257,0.00117566,-0.00137862,-0.34703,0.116171,0.930631,-0.163013,0.148027,0.975456,-0.0196866,0.999632,-0.0186666,-0.000241,-0.001158,-0.000738,1.666,1.195,91.169,0.0397418,0.0697281,0.0489982,0.0728043
7.32817,0.000890734,-0.00437115,0.00200197,-0.346755,0.116125,0.930739,-0.163013,0.148027,0.975456,-0.0198128,0.999627,-0.0187915,-0.000419,0.00038,-0.00091,1.667,1.194,91.171,0.0468543,0.06809,0.0554099,0.0710891
7.38928,0.00175042,0.00168719,-0.00472901,-0.346755,0.116125,0.930739,-0.163013,0.148027,0.975456,-0.0206646,0.999575,-0.0205623,-0.000685,0.00016,0.001868,1.668,1.195,91.17,0.0416273,0.0716837,0.0502598,0.0744102
7.4505,0.0015525,0.0013639,0.0049249,-0.346755,0.116125,0.930739,-0.163013,0.148027,0.975456,-0.0187243,0.999653,-0.0185197,-0.000419,0.000865,-0.000495,1.668,1.193,91.171,0.0414268,0.0695586,0.0488658,0.0724626
7.51286,-0.00119554,-0.00227191,-0.00115559,-0.346755,0.116125,0.930739,-0.163013,0.148027,0.975456,-0.018913,0.999628,-0.0196286,0.000342,-0.000846,0.000246,1.669,1.194,91.172,0.0447181,0.0696939,0.0520291,0.0723714
7.58028,0.00166612,0.00203973,0.000169654,-0.346755,0.116125,0.930739,-0.163013,0.148027,0.975456,-0.018921,0.99964,-0.0190232,-0.000029,-0.000566,0.001011,1.668,1.193,91.17,0.0393235,0.0710469,0.0463242,0.0737523
7.64744,-0.00147017,0.00426037,0.0019535,-0.347515,0.115429,0.930543,-0.163013,0.148027,0.975456,-0.0224741,0.999483,-0.0229848,0.000842,0.000275,-0.000788,1.668,1.193,91.171,0.0397505,0.0716345,0.0456459,0.0733784
7.71551,0.0022978,-0.000898218,0.000724238,-0.346755,0.116125,0.930739,-0.163013,0.148027,0.975456,-0.0198054,0.999558,-0.0221534,-0.000117,-0.001027,-0.000021,1.668,1.193,91.17,0.0405074,0.0730127,0.0467518,0.0753228
7.78383,0.00374071,0.00348638,-0.00186277,-0.346755,0.116125,0.930739,-0.163013,0.148027,0.975456,-0.0191351,0.999628,-0.019442,-0.000491,0.00013,-0.000045,1.668,1.192,91.171,0.0368555,0.070403,0.0429751,0.0731663
7.84589,0.000137726,0.000277275,0.000513975,-0.346755,0.116125,0.930739,-0.163013,0.148027,0.975456,-0.0223754,0.999539,-0.0205364,0.000309,-0.000079,-0.000621,1.669,1.191,91.173,0.041033,0.0688926,0.0463618,0.0717177
7.90736,-0.000507293,0.00167311,-0.000785604,-0.34703,0.116171,0.930631,-0.163013,0.148027,0.975456,-0.0209215,0.999538,-0.0220441,0.000349,0.000226,-0.000352,1.667,1.191,91.173,0.040294,0.0668889,0.0452795,0.0696823
7.96661,2.46065E-05,0.0025015,-0.000626278,-0.346755,0.116125,0.930739,-0.163013,0.148027,0.975456,-0.0203726,0.999587,-0.0202702,-0.000505,-0.000692,0.000338,1.67,1.193,91.173,0.0379468,0.0703938,0.0427238,0.0732166
8.02596,0.00155845,0.000994514,0.0013173,-0.346715,0.115951,0.930776,-0.163013,0.148027,0.975456,-0.0181582,0.999616,-0.0209125,-0.00003,0.000227,0.001153,1.668,1.193,91.171,0.0392373,0.0708545,0.0437763,0.073436
8.08592,0.00290303,5.94202E-05,0.00139251,-0.346755,0.116125,0.930739,-0.163013,0.148027,0.975456,-0.0191188,0.999597,-0.0209591,0.000958,-0.000284,0.000407,1.665,1.19,91.172,0.0391789,0.0655638,0.0433889,0.0682667
8.14837,0.0021474,0.00274298,0.00223213,-0.346755,0.116125,0.930739,-0.163013,0.148027,0.975456,-0.0239319,0.999515,-0.0199432,0.001728,-0.000081,-0.001183,1.666,1.191,91.172,0.0374327,0.0663806,0.0409994,0.0692375
8.20685,-0.00215926,0.00122634,0.00303816,-0.346755,0.116125,0.930739,-0.163013,0.148027,0.975456,-0.0220461,0.999527,-0.0214337,-0.00136,-0.000494,0.000077,1.669,1.191,91.171,0.0387838,0.0720285,0.0420363,0.0748662
8.26627,0.0038106,-0.00355509,0.00304453,-0.346755,0.116125,0.930739,-0.163013,0.148027,0.975456,-0.0230128,0.999573,-0.0180011,-0.000444,-0.000831,0.001007,1.669,1.192,91.171,0.0403578,0.0709574,0.0439443,0.0741895
8.32438,0.000844331,0.00106369,-0.00257704,-0.346755,0.116125,0.930739,-0.163013,0.148027,0.975456,-0.0212714,0.999449,-0.0254643,-0.00035,0.000867,0.00067,1.667,1.191,91.169,0.0392269,0.0738366,0.0425114,0.0764706
8.384,-0.0030265,0.00153275,-0.00132284,-0.346755,0.116125,0.930739,-0.163013,0.148027,0.975456,-0.0200314,0.999628,-0.0184984,0.000094,-0.000069,0.000415,1.664,1.191,91.17,0.0397982,0.0662113,0.0423391,0.0694873
8.45388,0.000164207,-0.00274933,-0.00178153,-0.346755,0.116125,0.930739,-0.163013,0.148027,0.975456,-0.0216325,0.999586,-0.0189795,0.000708,-0.000265,0.000891,1.659,1.19,91.169,0.0418548,0.0608272,0.0444438,0.0642514
8.51749,-0.0024004,0.00145351,-0.00247768,-0.34703,0.116171,0.930631,-0.163013,0.148027,0.975456,-0.0197364,0.999602,-0.0201454,-0.000073,0.000471,0.000155,1.662,1.193,91.167,0.0394992,0.0677338,0.0415093,0.0709043
8.58788,0.00153267,-0.000651062,0.00401653,-0.34703,0.116171,0.930631,-0.163013,0.148027,0.975456,-0.0215984,0.999536,-0.0214965,0.000066,-0.000697,0.000368,1.666,1.192,91.169,0.0377393,0.0710876,0.0393287,0.0740002
8.65828,0.0020656,0.00148064,0.00454945,-0.346755,0.116125,0.930739,-0.163018,0.148342,0.975407,-0.0208701,0.999512,-0.0232231,0.000342,0.001136,-0.000626,1.666,1.193,91.166,0.0371446,0.0768074,0.0383069,0.0791568
8.72846,-0.000599026,-0.000784293,0.00121867,-0.346755,0.116125,0.930739,-0.163013,0.148027,0.975456,-0.0212671,0.999552,-0.0210626,0.00016,-0.000136,0.002189,1.666,1.193,91.167,0.0391294,0.0742109,0.0402574,0.0769763
8.79324,-0.00121457,0.000142394,-0.00126022,-0.346755,0.116125,0.930739,-0.163013,0.148027,0.975456,-0.0195942,0.999508,-0.0244927,0.001234,-0.000167,0.000289,1.666,1.194,91.169,0.0389623,0.0728041,0.0396411,0.0751633
8.86828,0.00356638,-0.00101442,-0.00159351,-0.346755,0.116125,0.930739,-0.163013,0.148027,0.975456,-0.0223357,0.999499,-0.0224377,-0.000294,0.001473,0.000434,1.666,1.195,91.166,0.0384666,0.0766916,0.0394307,0.0793004
8.94196,-0.000157529,-0.00186916,0.00345841,-0.346755,0.116125,0.930739,-0.163013,0.148027,0.975456,-0.0208908,0.999598,-0.0191584,-0.000481,0.000344,0.000371,1.667,1.194,91.165,0.0390515,0.0773889,0.0391733,0.0805391
9.00482,-0.00194186,0.000507845,-0.00384244,-0.346755,0.116125,0.930739,-0.163013,0.148027,0.975456,-0.0197942,0.999606,-0.0198962,-0.000171,-0.000528,0.001134,1.667,1.192,91.165,0.0378973,0.0771966,0.0379831,0.0802905
9.07029,-0.000713064,-0.000663588,-0.00240972,-0.346755,0.116125,0.930739,-0.163013,0.148027,0.975456,-0.0202159,0.999564,-0.0215432,0.000308,-0.000175,-0.000281,1.665,1.192,91.165,0.0380651,0.075364,0.0377732,0.0782249
9.13624,-0.000684541,0.00307211,0.000372606,-0.346755,0.116125,0.930739,-0.163013,0.148027,0.975456,-0.0224761,0.999573,-0.018696,0.001707,0.000933,0.000653,1.663,1.192,91.165,0.0361061,0.0716772,0.0353416,0.0748698
9.19972,0.000110253,0.000135385,-0.00181663,-0.346755,0.116125,0.930739,-0.163013,0.148027,0.975456,-0.0204447,0.999543,-0.0222847,-0.001262,-0.001272,-0.001192,1.661,1.193,91.166,0.034658,0.0690685,0.0339046,0.0719642
9.26113,0.000617451,-0.00217227,0.000941975,-0.346755,0.116125,0.930739,-0.163013,0.148027,0.975456,-0.0207741,0.999613,-0.0185227,0.000004,0.001075,-0.000574,1.664,1.19,91.168,0.0388101,0.0689171,0.0377899,0.0721625
9.3226,-0.00111456,0.000492359,0.00120844,-0.34688,0.11604,0.930704,-0.163013,0.148027,0.975456,-0.0216416,0.999599,-0.0182729,-0.000128,0.000819,0.000001,1.665,1.19,91.169,0.0367467,0.0682919,0.0353569,0.071543
9.38752,0.000592752,8.89581E-05,0.00154381,-0.346755,0.116125,0.930739,-0.163013,0.148027,0.975456,-0.0207473,0.99955,-0.0216671,-0.000198,0.000261,0.001062,1.663,1.189,91.169,0.0355882,0.067144,0.034067,0.0701278
9.45763,-0.00122159,0.00289924,-0.00440144,-0.346755,0.116125,0.930739,-0.163013,0.148027,0.975456,-0.0208496,0.999552,-0.0214628,-0.001388,0.001001,-0.000535,1.66,1.189,91.169,0.0344522,0.0634879,0.0328365,0.0664829
9.5192,-0.00219594,0.00393439,-0.000388321,-0.34688,0.11604,0.930704,-0.163013,0.148027,0.975456,-0.0202881,0.999622,-0.0185549,0.000833,-0.00099,0.00042,1.661,1.188,91.171,0.032968,0.060849,0.0307168,0.0640634
9.58051,0.000322038,0.00339331,0.00128994,-0.34688,0.11604,0.930704,-0.163013,0.148027,0.975456,-0.0228568,0.999473,-0.0230608,-0.001762,-0.000717,-0.000496,1.664,1.189,91.173,0.0304844,0.0635625,0.0282084,0.0663391
9.64759,0.00146027,0.00287387,0.0049475,-0.34703,0.116171,0.930631,-0.163013,0.148027,0.975456,-0.0198958,0.999583,-0.0209161,-0.000523,-0.000459,0.000406,1.663,1.189,91.172,0.0310163,0.0632116,0.0284015,0.0662567
9.70719,-0.00230729,-0.00107814,-0.0016455,-0.346755,0.116125,0.930739,-0.163013,0.148027,0.975456,-0.0213629,0.999559,-0.0206474,0.001187,0.000002,-0.000403,1.662,1.19,91.172,0.0376199,0.061507,0.0349169,0.0645524
9.77147,0.00123835,-0.000267604,-0.00221919,-0.346755,0.116125,0.930739,-0.163013,0.148027,0.975456,-0.0208256,0.999629,-0.0175588,-0.000094,-0.000807,0.000721,1.662,1.189,91.172,0.033994,0.0602853,0.0314633,0.0636628
9.83325,0.00221203,-0.00447766,-0.0005956,-0.346715,0.115951,0.930776,-0.163013,0.148027,0.975456,-0.022345,0.999505,-0.0221409,-0.001007,-0.000101,0.000524,1.661,1.188,91.171,0.037255,0.0622643,0.0346196,0.0651829
9.89913,-0.0012019,0.000178011,0.000195636,-0.34703,0.116171,0.930631,-0.163013,0.148027,0.975456,-0.0203206,0.999589,-0.0202185,-0.000017,0.000008,-0.000623,1.659,1.19,91.174,0.0345537,0.0546818,0.0312311,0.0579451
9.96798,-2.70642E-06,-0.00289876,-0.00185862,-0.34703,0.116171,0.930631,-0.163013,0.148027,0.975456,-0.0208452,0.999548,-0.0216627,-0.000336,0.000361,0.00096,1.66,1.187,91.171,0.0371001,0.0610163,0.0338614,0.0641494
10.0367,0.00229964,-0.00035267,0.00115747,-0.346755,0.116125,0.930739,-0.163013,0.148027,0.975456,-0.0215189,0.999558,-0.0204991,-0.000037,-0.000111,-0.000151,1.658,1.187,91.171,0.0328762,0.0582482,0.0293123,0.0614821
